{
  "fiducials": [
    {
      "transform": [
        -1,
        1.2246467991473532e-16,
        1.2246467991473532e-16,
        -0.17500009449999998,
        -1.2246467991473532e-16,
        -1,
        1.2246467991473532e-16,
        0,
        1.2246467991473532e-16,
        1.2246467991473532e-16,
        1,
        1.4032015154564093,
        0,
        0,
        0,
        1
      ],
      "size": 165.1,
      "id": 11,
      "family": "apriltag3_36h11_classic",
      "unique": 1
    },
    {
      "transform": [
        1,
        0,
        0,
        0.175,
        0,
        1,
        0,
        0,
        0,
        0,
        1,
        1.4032007577280001,
        0,
        0,
        0,
        1
      ],
      "size": 165.1,
      "id": 2,
      "family": "apriltag3_36h11_classic",
      "unique": 1
    },
    {
      "transform": [
        2.220446049250313e-16,
        -1,
        0,
        0,
        1,
        2.220446049250313e-16,
        0,
        0.175,
        0,
        0,
        1,
        1.4032007577280001,
        0,
        0,
        0,
        1
      ],
      "size": 165.1,
      "id": 10,
      "family": "apriltag3_36h11_classic",
      "unique": 1
    },
    {
      "transform": [
        2.220446049250313e-16,
        1,
        0,
        0,
        -1,
        2.220446049250313e-16,
        0,
        -0.175,
        0,
        0,
        1,
        1.4032007577280001,
        0,
        0,
        0,
        1
      ],
      "size": 165.1,
      "id": 9,
      "family": "apriltag3_36h11_classic",
      "unique": 1
    }
  ],
  "type": "frc",
  "fieldlength": 17.5483,
  "fieldwidth": 8.0519016
}